{
	"partitions" : [
		{
			"name" : "Top",
			"pins" : [
				{
					"name" : "All_Registers_Loaded",
					"strict" : false
				},
				{
					"name" : "Register_Input[3]",
					"strict" : false
				},
				{
					"name" : "Register_Input[2]",
					"strict" : false
				},
				{
					"name" : "Register_Input[1]",
					"strict" : false
				},
				{
					"name" : "Register_Input[0]",
					"strict" : false
				},
				{
					"name" : "Register_Selected[3]",
					"strict" : false
				},
				{
					"name" : "Register_Selected[2]",
					"strict" : false
				},
				{
					"name" : "Register_Selected[1]",
					"strict" : false
				},
				{
					"name" : "Register_Selected[0]",
					"strict" : false
				},
				{
					"name" : "User_In[3]",
					"strict" : false
				},
				{
					"name" : "User_In[2]",
					"strict" : false
				},
				{
					"name" : "User_In[1]",
					"strict" : false
				},
				{
					"name" : "User_In[0]",
					"strict" : false
				},
				{
					"name" : "Clock",
					"strict" : false
				},
				{
					"name" : "Input_Select",
					"strict" : false
				}
			]
		}
	]
}